Usuario,Periodo,Comentario
Ricardo Sateler,8 hours ago,
Valery Carraresi,4 days ago,"Muy bueno y productos de primera

(Translated by Google)
Very good and first class products"
Luis Felipe Acevedo Herrera,2 weeks ago,
Manfred Maroldt (Guayana Rock Podcast),a month ago,"Muy lento los pedidos para llevar

(Translated by Google)
Very slow take out orders"
Marcelo Sarzosa,a month ago,EXCELENTE!!!! Rico y porciones exactas ora todos los gustos   Sugiero hacer pedido x tel√©fono y esperarlo. La comida est√° a punto exacto. ‚Ä¶
Hector Ojeda,2 months ago,
Darina Krasnikova,3 months ago,
Armando Lugo,3 months ago,"Se espera DEMASIADO, NO LES DARIA NI 1 ESTRELLA

(Translated by Google) ‚Ä¶"
Arian Roh,3 months ago,
Daniel Espinoza,4 months ago,"Anfitri√≥n: P√©simo.
Tiempo de espera: Excesivo
Comida: Buena ‚Ä¶"
Claudio Lavados,4 months ago,"Pizzas buenas. Atenci√≥n lenta. Bebestibles muy caros.

(Translated by Google) ‚Ä¶"
Vicente Heiremans,4 months ago,
Francisco,4 months ago,
C√©sar Augusto Gonz√°lez Barreto,5 months ago,"Rico risotto, no el mejor que me he comido pero bastante bueno

(Translated by Google) ‚Ä¶"
Italia ‚Äúblackdog‚Äù Blu,5 months ago,
Tania Valenzuela,5 months ago,
Gabriel Espinosa,5 months ago,
Gustavo Cuadra De Miguel,5 months ago,
Andr√©s P√°ez,5 months ago,
Cherie Marin,5 months ago,"Todo muy rico.. solo un poco lenta la atenci√≥n..

(Translated by Google) ‚Ä¶"
GERMAN ARANCIBIA,6 months ago,"Muy bueno üëå

(Translated by Google)
Very good üëå"
Maria Gabriela Ambrosio Cede√±o,6 months ago,"Buena comida

(Translated by Google)
Good food"
Catalina Manr√≠quez,6 months ago,No es primera vez que lo visito. Pero √©sta vez se tardaron mucho en traer la comida y eran solo pizzas. No estaba lleno. ‚Ä¶
Berta Gomez,7 months ago,"Hubo que esperar la cena, demasiado rato.

(Translated by Google)
Dinner had to be waited, too long."
Luis Catal√°n,7 months ago,"Buen lugar, buena comida y buena atenci√≥n. La carta se ha reducido, pero es atractiva. ‚Ä¶"
martin salgado gonzalez,7 months ago,
Josefina Ovalle,7 months ago,
willis 75,7 months ago,
Gustavo Rigo,8 months ago,
Saul P,8 months ago,
Enrique Musa,8 months ago,"Desorganizada atenci√≥n respecto al orden de llegada. Dos horas. No justifica

(Translated by Google) ‚Ä¶"
Portgas D Lainux,8 months ago,"Especialista en pastas y pizzas .
Es un Restaurant pet friendly y cuenta con una terraza amplia .
Cumple con las medidas Covid - 19. ‚Ä¶"
Í≥†ÌÉúÌù¨,8 months ago,
Antonio Tagle,8 months ago,
Claudia Escobar,9 months ago,"Excelente comida y atencion!

(Translated by Google)
Excellent food and attention!"
andrea radic segaric,9 months ago,"Muy buena la comida y bien atendido

(Translated by Google)
Very good food and well attended"
Ignacio Torres Ceron,a year ago,
Raul Fernandez,a year ago,"Muy buen servicio y comida

(Translated by Google)
Very good service and food"
Valentina Echeverr√≠a,a year ago,"Pizzas buenas, los precios elevados para lo que es

(Translated by Google)
Good pizzas, high prices for what it is"
Nicolas Meynet,a year ago,